{
  "project_info": {
    "project_number": "1068443184827",
    "firebase_url": "https://bodyfirst-281106.firebaseio.com",
    "project_id": "bodyfirst-281106",
    "storage_bucket": "bodyfirst-281106.appspot.com"
  },
  "client": [
    {
      "client_info": {
        "mobilesdk_app_id": "1:1068443184827:android:e5ae6240d522f48017439e",
        "android_client_info": {
          "package_name": "com.bodyfirst.starter"
        }
      },
      "oauth_client": [
        {
          "client_id": "1068443184827-rrut19d770nnqbgcjidrjstc331g5q6k.apps.googleusercontent.com",
          "client_type": 3
        }
      ],
      "api_key": [
        {
          "current_key": "AIzaSyBkxH2ZDKg1AH5YY-xUpFZ-s4mzUL0AEq8"
        }
      ],
      "services": {
        "appinvite_service": {
          "other_platform_oauth_client": [
            {
              "client_id": "1068443184827-rrut19d770nnqbgcjidrjstc331g5q6k.apps.googleusercontent.com",
              "client_type": 3
            }
          ]
        }
      }
    }
  ],
  "configuration_version": "1"
}